Period Type,User,Status,Start Time,1,2,3,4,5,6,7,8,9,10,11,12,13,14,15,16,17,18,19,20,> Count,Active Hours,On Hours,User Hours
month,Student,Active,08/01/20,4.32,0.27,1.55,0.2,0.15,1.8,0.5,0.98,1.73,1.23,0.23,1.73,0.75,0.0,0.0,0.0,0.0,0.0,0.0,0.0,0.0,15.45,92.33,94.27
month,Student,Active,07/01/20,5.13,1.48,1.65,0.22,0.62,0.97,1.77,2.68,1.55,2.65,3.62,4.05,1.83,0.0,0.0,0.0,0.0,0.0,0.0,0.0,0.0,28.22,93.83,209.3
month,Student,Active,06/01/20,0.0,0.0,0.0,0.0,0.0,0.0,0.0,0.0,0.0,0.0,0.0,0.0,0.0,0.0,0.0,0.0,0.0,0.0,0.0,0.0,0.0,0.0,0.0,0.0
month,Student,Active,05/01/20,0.0,0.0,0.0,0.0,0.0,0.0,0.0,0.0,0.0,0.0,0.0,0.0,0.0,0.0,0.0,0.0,0.0,0.0,0.0,0.0,0.0,0.0,0.0,0.0
month,Student,Active,04/01/20,0.0,0.0,0.0,0.0,0.0,0.0,0.0,0.0,0.0,0.0,0.0,0.0,0.0,0.0,0.0,0.0,0.0,0.0,0.0,0.0,0.0,0.0,0.0,0.0
month,Student,Active,03/01/20,9.78,5.0,1.85,2.05,2.02,1.63,3.4,2.98,2.97,5.13,4.95,3.53,0.8,0.57,0.53,0.0,0.0,0.0,0.0,0.0,0.0,47.2,108.5,302.3
month,Student,Active,02/01/20,18.85,6.27,4.63,3.77,2.05,2.32,4.08,3.35,3.72,6.37,7.07,4.28,4.43,3.43,0.48,0.08,0.0,0.0,0.0,0.0,0.0,75.18,177.77,480.42
month,Student,Active,01/01/20,7.08,2.57,1.77,1.52,1.5,1.57,2.45,2.25,5.0,1.97,2.0,2.97,1.08,0.0,0.0,0.0,0.0,0.0,0.0,0.0,0.0,33.72,179.1,211.98
month,Student,Active,12/01/19,2.0,1.93,0.0,0.0,0.0,0.0,0.0,0.0,0.0,0.0,0.0,0.0,0.0,0.0,0.0,0.0,0.0,0.0,0.0,0.0,0.0,3.93,84.78,5.87
month,Student,Active,11/01/19,3.1,3.08,4.87,2.23,2.78,2.87,1.42,2.23,1.02,0.67,3.4,2.63,1.2,0.1,0.0,0.0,0.0,0.0,0.0,0.0,0.0,31.6,140.83,193.52
month,Student,Active,10/01/19,12.52,16.85,9.87,6.05,2.1,2.58,3.57,3.48,3.03,1.98,3.88,4.48,5.12,3.97,2.27,0.0,0.0,0.0,0.0,0.0,0.0,81.75,299.13,478.55
month,Student,Active,09/01/19,16.3,7.63,4.02,1.68,0.78,1.53,0.83,0.78,1.67,2.08,1.07,0.0,0.0,0.0,0.0,0.0,0.0,0.0,0.0,0.0,0.0,38.38,269.58,123.13
month,Student,Active,08/01/19,16.25,7.6,3.05,4.13,2.8,2.25,2.77,4.57,11.62,8.6,16.08,5.35,0.0,0.0,0.0,0.0,0.0,0.0,0.0,0.0,0.0,85.07,160.23,572.2
month,Student,Active,07/01/19,23.32,12.55,4.02,1.0,1.1,1.55,2.88,2.38,8.0,11.3,9.28,2.27,0.17,0.0,0.0,0.0,0.0,0.0,0.0,0.0,0.0,79.82,179.2,435.0
month,Student,Active,06/01/19,14.03,2.8,1.18,0.6,0.1,0.1,0.58,0.25,1.37,1.9,0.0,0.0,0.0,0.0,0.0,0.0,0.0,0.0,0.0,0.0,0.0,22.92,56.28,64.07
month,Student,Active,05/01/19,6.6,5.58,2.38,1.65,1.42,1.48,1.93,2.77,4.57,5.0,4.17,6.92,5.83,0.0,0.0,0.0,0.0,0.0,0.0,0.0,0.0,50.3,158.22,378.93
month,Student,Active,04/01/19,12.1,9.42,5.78,2.63,1.85,0.97,1.18,0.88,0.65,0.25,0.3,0.37,0.08,0.0,0.0,0.0,0.0,0.0,0.0,0.0,0.0,36.47,103.03,106.35
month,Student,Active,03/01/19,6.05,7.05,3.93,2.93,2.85,1.47,1.58,5.42,4.6,3.63,0.0,0.0,0.0,0.0,0.0,0.0,0.0,0.0,0.0,0.0,0.0,39.52,171.1,198.88
month,Student,All,08/01/20,2.7,5.95,3.12,0.18,0.08,1.5,0.57,0.73,1.78,1.73,0.25,1.75,0.77,0.0,0.0,0.0,0.0,0.0,0.0,0.0,0.0,21.12,92.33,111.03
month,Student,All,07/01/20,11.32,2.92,0.97,0.47,1.75,0.78,0.83,2.75,1.35,1.62,4.22,4.25,3.53,0.25,0.0,0.0,0.0,0.0,0.0,0.0,0.0,37.0,93.83,238.33
month,Student,All,06/01/20,0.0,0.0,0.0,0.0,0.0,0.0,0.0,0.0,0.0,0.0,0.0,0.0,0.0,0.0,0.0,0.0,0.0,0.0,0.0,0.0,0.0,0.0,0.0,0.0
month,Student,All,05/01/20,0.0,0.0,0.0,0.0,0.0,0.0,0.0,0.0,0.0,0.0,0.0,0.0,0.0,0.0,0.0,0.0,0.0,0.0,0.0,0.0,0.0,0.0,0.0,0.0
month,Student,All,04/01/20,0.0,0.0,0.0,0.0,0.0,0.0,0.0,0.0,0.0,0.0,0.0,0.0,0.0,0.0,0.0,0.0,0.0,0.0,0.0,0.0,0.0,0.0,0.0,0.0
month,Student,All,03/01/20,10.7,5.42,6.87,3.85,2.8,1.6,3.05,3.12,3.13,3.32,4.87,4.52,2.37,0.65,0.83,0.43,0.0,0.0,0.0,0.0,0.0,57.52,108.5,355.82
month,Student,All,02/01/20,19.42,14.77,6.93,8.15,5.87,2.35,3.38,2.67,2.9,5.28,5.07,6.82,5.33,4.1,4.35,0.2,0.0,0.0,0.0,0.0,0.0,97.58,177.77,602.45
month,Student,All,01/01/20,9.17,2.9,1.97,1.33,3.18,1.68,2.45,1.33,3.7,2.1,3.98,3.3,1.2,0.0,0.0,0.0,0.0,0.0,0.0,0.0,0.0,38.3,179.1,233.35
month,Student,All,12/01/19,32.28,2.48,0.0,0.0,0.0,0.0,0.0,0.0,0.0,0.0,0.0,0.0,0.0,0.0,0.0,0.0,0.0,0.0,0.0,0.0,0.0,34.77,84.78,37.25
month,Student,All,11/01/19,2.87,2.08,5.98,1.17,3.78,2.03,2.03,2.25,0.6,1.33,1.42,4.67,1.5,0.1,0.0,0.0,0.0,0.0,0.0,0.0,0.0,31.82,140.83,204.22
month,Student,All,10/01/19,18.05,18.2,10.87,8.85,1.83,1.9,3.38,4.25,2.57,2.58,3.97,4.25,5.63,4.62,2.3,0.0,0.0,0.0,0.0,0.0,0.0,93.25,299.13,516.63
month,Student,All,09/01/19,15.15,6.22,7.82,1.97,0.9,1.58,0.88,0.7,1.63,2.18,1.08,0.0,0.0,0.0,0.0,0.0,0.0,0.0,0.0,0.0,0.0,40.12,269.58,133.13
month,Student,All,08/01/19,12.08,9.1,7.17,4.8,4.15,3.03,2.17,4.65,8.92,11.92,16.48,5.62,0.0,0.0,0.0,0.0,0.0,0.0,0.0,0.0,0.0,90.08,160.23,610.43
month,Student,All,07/01/19,19.82,13.93,5.27,1.77,0.83,3.35,3.42,1.63,8.27,10.67,11.3,2.25,0.18,0.0,0.0,0.0,0.0,0.0,0.0,0.0,0.0,82.68,179.2,466.55
month,Student,All,06/01/19,11.83,4.35,3.85,3.13,0.73,0.13,0.5,0.32,0.85,2.48,0.0,0.0,0.0,0.0,0.0,0.0,0.0,0.0,0.0,0.0,0.0,28.18,56.28,87.6
month,Student,All,05/01/19,11.65,2.68,4.42,4.73,1.23,0.95,2.23,2.58,4.6,5.13,3.93,8.18,6.18,0.0,0.0,0.0,0.0,0.0,0.0,0.0,0.0,58.52,158.22,411.95
month,Student,All,04/01/19,13.25,7.4,11.05,4.82,1.17,0.77,1.08,2.87,0.9,0.6,0.3,0.4,0.08,0.0,0.0,0.0,0.0,0.0,0.0,0.0,0.0,44.68,103.03,144.7
month,Student,All,03/01/19,8.87,10.73,7.35,2.28,3.58,1.45,2.03,5.38,2.85,5.83,0.0,0.0,0.0,0.0,0.0,0.0,0.0,0.0,0.0,0.0,0.0,50.37,171.1,229.42
month,Teacher,Active,08/01/20,41.47,31.43,11.37,2.12,0.38,0.0,0.0,0.0,0.0,0.0,0.0,0.0,0.0,0.0,0.0,0.0,0.0,0.0,0.0,0.0,0.0,86.77,92.33,148.82
month,Teacher,Active,07/01/20,60.33,9.93,0.6,0.0,0.0,0.0,0.0,0.0,0.0,0.0,0.0,0.0,0.0,0.0,0.0,0.0,0.0,0.0,0.0,0.0,0.0,70.87,93.83,82.0
month,Teacher,Active,06/01/20,0.0,0.0,0.0,0.0,0.0,0.0,0.0,0.0,0.0,0.0,0.0,0.0,0.0,0.0,0.0,0.0,0.0,0.0,0.0,0.0,0.0,0.0,0.0,0.0
month,Teacher,Active,05/01/20,0.0,0.0,0.0,0.0,0.0,0.0,0.0,0.0,0.0,0.0,0.0,0.0,0.0,0.0,0.0,0.0,0.0,0.0,0.0,0.0,0.0,0.0,0.0,0.0
month,Teacher,Active,04/01/20,0.0,0.0,0.0,0.0,0.0,0.0,0.0,0.0,0.0,0.0,0.0,0.0,0.0,0.0,0.0,0.0,0.0,0.0,0.0,0.0,0.0,0.0,0.0,0.0
month,Teacher,Active,03/01/20,36.57,38.05,5.27,0.85,0.38,0.0,0.0,0.0,0.0,0.0,0.0,0.0,0.0,0.0,0.0,0.0,0.0,0.0,0.0,0.0,0.0,81.12,108.5,133.78
month,Teacher,Active,02/01/20,93.8,29.82,11.67,0.85,0.0,0.0,0.0,0.0,0.0,0.0,0.0,0.0,0.0,0.0,0.0,0.0,0.0,0.0,0.0,0.0,0.0,136.13,177.77,191.83
month,Teacher,Active,01/01/20,90.47,37.07,8.17,4.95,0.0,0.0,0.0,0.0,0.0,0.0,0.0,0.0,0.0,0.0,0.0,0.0,0.0,0.0,0.0,0.0,0.0,140.65,179.1,208.9
month,Teacher,Active,12/01/19,20.12,6.35,0.13,0.0,0.0,0.0,0.0,0.0,0.0,0.0,0.0,0.0,0.0,0.0,0.0,0.0,0.0,0.0,0.0,0.0,0.0,26.6,84.78,33.22
month,Teacher,Active,11/01/19,37.33,10.02,1.58,0.0,0.0,0.0,0.0,0.0,0.0,0.0,0.0,0.0,0.0,0.0,0.0,0.0,0.0,0.0,0.0,0.0,0.0,48.93,140.83,62.12
month,Teacher,Active,10/01/19,101.17,47.5,12.4,2.68,0.03,0.0,0.0,0.0,0.0,0.0,0.0,0.0,0.0,0.0,0.0,0.0,0.0,0.0,0.0,0.0,0.0,163.78,299.13,244.27
month,Teacher,Active,09/01/19,34.72,24.05,5.83,1.42,0.0,0.0,0.0,0.0,0.0,0.0,0.0,0.0,0.0,0.0,0.0,0.0,0.0,0.0,0.0,0.0,0.0,66.02,269.58,105.98
month,Teacher,Active,08/01/19,86.75,31.63,16.6,3.9,0.7,0.32,0.0,0.0,0.0,0.0,0.0,0.0,0.0,0.0,0.0,0.0,0.0,0.0,0.0,0.0,0.0,139.9,160.23,220.82
month,Teacher,Active,07/01/19,57.92,21.68,8.02,3.35,0.0,0.0,0.0,0.0,0.0,0.0,0.0,0.0,0.0,0.0,0.0,0.0,0.0,0.0,0.0,0.0,0.0,90.97,179.2,138.73
month,Teacher,Active,06/01/19,34.97,11.98,0.62,0.0,0.0,0.0,0.0,0.0,0.0,0.0,0.0,0.0,0.0,0.0,0.0,0.0,0.0,0.0,0.0,0.0,0.0,47.57,56.28,60.78
month,Teacher,Active,05/01/19,78.25,15.43,4.57,0.8,0.7,0.0,0.0,0.0,0.0,0.0,0.0,0.0,0.0,0.0,0.0,0.0,0.0,0.0,0.0,0.0,0.0,99.75,158.22,129.52
month,Teacher,Active,04/01/19,45.67,22.85,10.72,3.25,0.65,0.0,0.0,0.0,0.0,0.0,0.0,0.0,0.0,0.0,0.0,0.0,0.0,0.0,0.0,0.0,0.0,83.13,103.03,139.77
month,Teacher,Active,03/01/19,77.1,32.73,7.73,3.07,2.8,2.68,2.72,0.5,0.0,0.0,0.0,0.0,0.0,0.0,0.0,0.0,0.0,0.0,0.0,0.0,0.0,129.33,171.1,231.15
month,Teacher,All,08/01/20,41.47,31.43,11.37,2.12,0.38,0.0,0.0,0.0,0.0,0.0,0.0,0.0,0.0,0.0,0.0,0.0,0.0,0.0,0.0,0.0,0.0,86.77,92.33,148.82
month,Teacher,All,07/01/20,60.33,9.93,0.6,0.0,0.0,0.0,0.0,0.0,0.0,0.0,0.0,0.0,0.0,0.0,0.0,0.0,0.0,0.0,0.0,0.0,0.0,70.87,93.83,82.0
month,Teacher,All,06/01/20,0.0,0.0,0.0,0.0,0.0,0.0,0.0,0.0,0.0,0.0,0.0,0.0,0.0,0.0,0.0,0.0,0.0,0.0,0.0,0.0,0.0,0.0,0.0,0.0
month,Teacher,All,05/01/20,0.0,0.0,0.0,0.0,0.0,0.0,0.0,0.0,0.0,0.0,0.0,0.0,0.0,0.0,0.0,0.0,0.0,0.0,0.0,0.0,0.0,0.0,0.0,0.0
month,Teacher,All,04/01/20,0.0,0.0,0.0,0.0,0.0,0.0,0.0,0.0,0.0,0.0,0.0,0.0,0.0,0.0,0.0,0.0,0.0,0.0,0.0,0.0,0.0,0.0,0.0,0.0
month,Teacher,All,03/01/20,36.57,38.05,5.27,0.85,0.38,0.0,0.0,0.0,0.0,0.0,0.0,0.0,0.0,0.0,0.0,0.0,0.0,0.0,0.0,0.0,0.0,81.12,108.5,133.78
month,Teacher,All,02/01/20,93.8,29.82,11.67,0.85,0.0,0.0,0.0,0.0,0.0,0.0,0.0,0.0,0.0,0.0,0.0,0.0,0.0,0.0,0.0,0.0,0.0,136.13,177.77,191.83
month,Teacher,All,01/01/20,90.47,37.07,8.17,4.95,0.0,0.0,0.0,0.0,0.0,0.0,0.0,0.0,0.0,0.0,0.0,0.0,0.0,0.0,0.0,0.0,0.0,140.65,179.1,208.9
month,Teacher,All,12/01/19,20.12,6.35,0.13,0.0,0.0,0.0,0.0,0.0,0.0,0.0,0.0,0.0,0.0,0.0,0.0,0.0,0.0,0.0,0.0,0.0,0.0,26.6,84.78,33.22
month,Teacher,All,11/01/19,37.33,10.02,1.58,0.0,0.0,0.0,0.0,0.0,0.0,0.0,0.0,0.0,0.0,0.0,0.0,0.0,0.0,0.0,0.0,0.0,0.0,48.93,140.83,62.12
month,Teacher,All,10/01/19,101.17,47.5,12.4,2.68,0.03,0.0,0.0,0.0,0.0,0.0,0.0,0.0,0.0,0.0,0.0,0.0,0.0,0.0,0.0,0.0,0.0,163.78,299.13,244.27
month,Teacher,All,09/01/19,34.72,24.05,5.83,1.42,0.0,0.0,0.0,0.0,0.0,0.0,0.0,0.0,0.0,0.0,0.0,0.0,0.0,0.0,0.0,0.0,0.0,66.02,269.58,105.98
month,Teacher,All,08/01/19,86.75,31.63,16.6,3.9,0.7,0.32,0.0,0.0,0.0,0.0,0.0,0.0,0.0,0.0,0.0,0.0,0.0,0.0,0.0,0.0,0.0,139.9,160.23,220.82
month,Teacher,All,07/01/19,57.92,21.68,8.02,3.35,0.0,0.0,0.0,0.0,0.0,0.0,0.0,0.0,0.0,0.0,0.0,0.0,0.0,0.0,0.0,0.0,0.0,90.97,179.2,138.73
month,Teacher,All,06/01/19,34.97,11.98,0.62,0.0,0.0,0.0,0.0,0.0,0.0,0.0,0.0,0.0,0.0,0.0,0.0,0.0,0.0,0.0,0.0,0.0,0.0,47.57,56.28,60.78
month,Teacher,All,05/01/19,78.25,15.43,4.57,0.8,0.7,0.0,0.0,0.0,0.0,0.0,0.0,0.0,0.0,0.0,0.0,0.0,0.0,0.0,0.0,0.0,0.0,99.75,158.22,129.52
month,Teacher,All,04/01/19,45.67,22.85,10.72,3.25,0.65,0.0,0.0,0.0,0.0,0.0,0.0,0.0,0.0,0.0,0.0,0.0,0.0,0.0,0.0,0.0,0.0,83.13,103.03,139.77
month,Teacher,All,03/01/19,77.1,32.73,7.73,3.07,2.8,2.68,2.72,0.5,0.0,0.0,0.0,0.0,0.0,0.0,0.0,0.0,0.0,0.0,0.0,0.0,0.0,129.33,171.1,231.15
week,Student,Active,08/17/20,0.0,0.0,0.0,0.0,0.0,0.0,0.0,0.0,0.0,0.0,0.0,0.0,0.0,0.0,0.0,0.0,0.0,0.0,0.0,0.0,0.0,0.0,2.93,0.0
week,Student,Active,08/10/20,0.17,0.12,1.53,0.1,0.07,1.37,0.03,0.0,0.0,0.0,0.0,0.0,0.0,0.0,0.0,0.0,0.0,0.0,0.0,0.0,0.0,3.38,43.22,14.17
week,Student,Active,08/03/20,4.15,0.15,0.02,0.1,0.08,0.43,0.47,0.98,1.73,1.23,0.23,1.73,0.75,0.0,0.0,0.0,0.0,0.0,0.0,0.0,0.0,12.07,46.18,80.1
week,Student,Active,07/27/20,1.22,0.88,1.05,0.07,0.1,0.28,1.0,0.67,0.9,0.1,0.43,1.05,0.25,0.0,0.0,0.0,0.0,0.0,0.0,0.0,0.0,8.0,30.67,50.65
week,Student,Active,07/20/20,1.58,0.18,0.43,0.12,0.07,0.12,0.27,0.2,0.28,1.87,1.68,1.85,1.58,0.0,0.0,0.0,0.0,0.0,0.0,0.0,0.0,10.23,38.05,90.73
week,Student,Active,07/13/20,2.33,0.42,0.17,0.03,0.45,0.57,0.5,1.82,0.37,0.68,1.5,1.15,0.0,0.0,0.0,0.0,0.0,0.0,0.0,0.0,0.0,9.98,25.12,67.92
week,Student,Active,07/06/20,0.0,0.0,0.0,0.0,0.0,0.0,0.0,0.0,0.0,0.0,0.0,0.0,0.0,0.0,0.0,0.0,0.0,0.0,0.0,0.0,0.0,0.0,0.0,0.0
week,Student,Active,06/29/20,0.0,0.0,0.0,0.0,0.0,0.0,0.0,0.0,0.0,0.0,0.0,0.0,0.0,0.0,0.0,0.0,0.0,0.0,0.0,0.0,0.0,0.0,0.0,0.0
week,Student,Active,06/22/20,0.0,0.0,0.0,0.0,0.0,0.0,0.0,0.0,0.0,0.0,0.0,0.0,0.0,0.0,0.0,0.0,0.0,0.0,0.0,0.0,0.0,0.0,0.0,0.0
week,Student,Active,06/15/20,0.0,0.0,0.0,0.0,0.0,0.0,0.0,0.0,0.0,0.0,0.0,0.0,0.0,0.0,0.0,0.0,0.0,0.0,0.0,0.0,0.0,0.0,0.0,0.0
week,Student,Active,06/08/20,0.0,0.0,0.0,0.0,0.0,0.0,0.0,0.0,0.0,0.0,0.0,0.0,0.0,0.0,0.0,0.0,0.0,0.0,0.0,0.0,0.0,0.0,0.0,0.0
week,Student,Active,06/01/20,0.0,0.0,0.0,0.0,0.0,0.0,0.0,0.0,0.0,0.0,0.0,0.0,0.0,0.0,0.0,0.0,0.0,0.0,0.0,0.0,0.0,0.0,0.0,0.0
week,Student,Active,05/25/20,0.0,0.0,0.0,0.0,0.0,0.0,0.0,0.0,0.0,0.0,0.0,0.0,0.0,0.0,0.0,0.0,0.0,0.0,0.0,0.0,0.0,0.0,0.0,0.0
week,Student,Active,05/18/20,0.0,0.0,0.0,0.0,0.0,0.0,0.0,0.0,0.0,0.0,0.0,0.0,0.0,0.0,0.0,0.0,0.0,0.0,0.0,0.0,0.0,0.0,0.0,0.0
week,Student,Active,05/11/20,0.0,0.0,0.0,0.0,0.0,0.0,0.0,0.0,0.0,0.0,0.0,0.0,0.0,0.0,0.0,0.0,0.0,0.0,0.0,0.0,0.0,0.0,0.0,0.0
week,Student,Active,05/04/20,0.0,0.0,0.0,0.0,0.0,0.0,0.0,0.0,0.0,0.0,0.0,0.0,0.0,0.0,0.0,0.0,0.0,0.0,0.0,0.0,0.0,0.0,0.0,0.0
week,Student,Active,04/27/20,0.0,0.0,0.0,0.0,0.0,0.0,0.0,0.0,0.0,0.0,0.0,0.0,0.0,0.0,0.0,0.0,0.0,0.0,0.0,0.0,0.0,0.0,0.0,0.0
week,Student,Active,04/20/20,0.0,0.0,0.0,0.0,0.0,0.0,0.0,0.0,0.0,0.0,0.0,0.0,0.0,0.0,0.0,0.0,0.0,0.0,0.0,0.0,0.0,0.0,0.0,0.0
week,Student,Active,04/13/20,0.0,0.0,0.0,0.0,0.0,0.0,0.0,0.0,0.0,0.0,0.0,0.0,0.0,0.0,0.0,0.0,0.0,0.0,0.0,0.0,0.0,0.0,0.0,0.0
week,Student,Active,04/06/20,0.0,0.0,0.0,0.0,0.0,0.0,0.0,0.0,0.0,0.0,0.0,0.0,0.0,0.0,0.0,0.0,0.0,0.0,0.0,0.0,0.0,0.0,0.0,0.0
week,Student,Active,03/30/20,0.0,0.0,0.0,0.0,0.0,0.0,0.0,0.0,0.0,0.0,0.0,0.0,0.0,0.0,0.0,0.0,0.0,0.0,0.0,0.0,0.0,0.0,0.0,0.0
week,Student,Active,03/23/20,0.0,0.0,0.0,0.0,0.0,0.0,0.0,0.0,0.0,0.0,0.0,0.0,0.0,0.0,0.0,0.0,0.0,0.0,0.0,0.0,0.0,0.0,0.0,0.0
week,Student,Active,03/16/20,0.0,0.0,0.0,0.0,0.0,0.0,0.0,0.0,0.0,0.0,0.0,0.0,0.0,0.0,0.0,0.0,0.0,0.0,0.0,0.0,0.0,0.0,4.97,0.0
week,Student,Active,03/09/20,6.35,2.55,0.72,0.62,1.05,0.05,0.18,0.47,0.92,1.03,2.02,1.0,0.33,0.02,0.0,0.0,0.0,0.0,0.0,0.0,0.0,17.3,42.5,83.97
week,Student,Active,03/02/20,3.43,2.45,1.13,1.43,0.97,1.58,3.22,2.52,2.05,4.1,2.93,2.53,0.47,0.55,0.53,0.0,0.0,0.0,0.0,0.0,0.0,29.9,61.03,218.33
week,Student,Active,02/24/20,8.1,2.95,1.4,0.58,0.5,0.2,1.02,0.68,1.08,1.3,2.1,1.27,1.55,1.08,0.0,0.0,0.0,0.0,0.0,0.0,0.0,23.82,44.97,133.18
week,Student,Active,02/17/20,6.9,1.25,1.12,0.15,0.15,0.45,0.58,0.78,0.53,0.7,0.75,0.73,0.78,0.38,0.45,0.08,0.0,0.0,0.0,0.0,0.0,15.8,44.97,79.63
week,Student,Active,02/10/20,1.78,1.43,1.75,1.68,0.48,0.8,1.57,1.05,1.23,1.08,2.03,1.55,1.72,1.97,0.03,0.0,0.0,0.0,0.0,0.0,0.0,20.17,43.8,156.47
week,Student,Active,02/03/20,2.05,0.6,0.35,1.33,0.83,0.72,0.6,0.45,0.57,2.12,1.57,0.65,0.0,0.0,0.0,0.0,0.0,0.0,0.0,0.0,0.0,11.83,40.17,77.2
week,Student,Active,01/27/20,0.75,0.13,0.37,0.23,0.13,0.32,0.57,0.52,0.63,1.7,1.45,2.38,0.38,0.0,0.0,0.0,0.0,0.0,0.0,0.0,0.0,9.57,43.35,85.95
week,Student,Active,01/20/20,0.68,0.33,0.3,0.22,0.35,0.18,0.37,0.87,1.83,0.73,0.2,0.2,0.92,0.0,0.0,0.0,0.0,0.0,0.0,0.0,0.0,7.18,45.22,55.82
week,Student,Active,01/13/20,0.42,0.55,0.28,1.03,0.87,1.17,0.67,1.12,1.48,0.7,0.97,0.47,0.17,0.0,0.0,0.0,0.0,0.0,0.0,0.0,0.0,9.88,42.28,70.18
week,Student,Active,01/06/20,5.25,1.58,0.83,0.05,0.23,0.05,1.17,0.13,1.35,0.0,0.0,0.0,0.0,0.0,0.0,0.0,0.0,0.0,0.0,0.0,0.0,10.65,52.12,33.97
week,Student,Active,12/30/19,0.0,0.0,0.0,0.0,0.0,0.0,0.0,0.0,0.0,0.0,0.0,0.0,0.0,0.0,0.0,0.0,0.0,0.0,0.0,0.0,0.0,0.0,0.0,0.0
week,Student,Active,12/23/19,0.0,0.0,0.0,0.0,0.0,0.0,0.0,0.0,0.0,0.0,0.0,0.0,0.0,0.0,0.0,0.0,0.0,0.0,0.0,0.0,0.0,0.0,0.0,0.0
week,Student,Active,12/16/19,0.0,0.0,0.0,0.0,0.0,0.0,0.0,0.0,0.0,0.0,0.0,0.0,0.0,0.0,0.0,0.0,0.0,0.0,0.0,0.0,0.0,0.0,8.38,0.0
week,Student,Active,12/09/19,0.0,0.0,0.0,0.0,0.0,0.0,0.0,0.0,0.0,0.0,0.0,0.0,0.0,0.0,0.0,0.0,0.0,0.0,0.0,0.0,0.0,0.0,2.85,0.0
week,Student,Active,12/02/19,1.88,1.93,0.0,0.0,0.0,0.0,0.0,0.0,0.0,0.0,0.0,0.0,0.0,0.0,0.0,0.0,0.0,0.0,0.0,0.0,0.0,3.82,57.68,5.75
week,Student,Active,11/25/19,2.32,0.0,0.0,0.0,0.0,0.0,0.0,0.0,0.0,0.0,0.0,0.0,0.0,0.0,0.0,0.0,0.0,0.0,0.0,0.0,0.0,2.32,85.28,2.32
week,Student,Active,11/18/19,0.32,2.0,2.52,1.08,1.18,1.65,0.33,0.45,0.0,0.0,0.0,0.0,0.0,0.0,0.0,0.0,0.0,0.0,0.0,0.0,0.0,9.53,36.0,37.95
week,Student,Active,11/11/19,0.1,0.05,0.02,0.05,0.0,0.02,0.15,0.32,0.08,0.35,0.7,0.32,0.7,0.1,0.0,0.0,0.0,0.0,0.0,0.0,0.0,2.95,16.2,30.38
week,Student,Active,11/04/19,0.1,0.72,1.22,0.08,0.8,0.57,0.63,0.75,0.63,0.0,0.0,0.0,0.0,0.0,0.0,0.0,0.0,0.0,0.0,0.0,0.0,5.5,6.13,29.05
week,Student,Active,10/28/19,3.13,2.78,2.33,1.52,1.52,1.58,0.75,1.27,1.07,0.82,2.77,2.35,0.55,1.27,0.0,0.0,0.0,0.0,0.0,0.0,0.0,23.7,55.15,155.52
week,Student,Active,10/21/19,5.07,7.07,3.88,5.17,1.25,1.2,2.65,2.02,1.08,1.18,2.73,3.4,2.78,1.85,1.3,0.0,0.0,0.0,0.0,0.0,0.0,42.63,74.07,273.68
week,Student,Active,10/14/19,1.72,2.68,3.57,0.32,0.07,0.07,0.17,0.62,1.18,0.3,1.08,1.05,2.28,0.85,0.97,0.0,0.0,0.0,0.0,0.0,0.0,16.92,49.9,120.13
week,Student,Active,10/07/19,0.55,0.2,0.1,0.07,0.07,0.37,0.3,0.3,0.0,0.0,0.0,0.0,0.0,0.0,0.0,0.0,0.0,0.0,0.0,0.0,0.0,1.95,43.77,8.55
week,Student,Active,09/30/19,2.48,4.43,1.1,0.0,0.0,0.0,0.0,0.0,0.0,0.0,0.0,0.0,0.0,0.0,0.0,0.0,0.0,0.0,0.0,0.0,0.0,8.02,100.8,14.65
week,Student,Active,09/23/19,0.0,0.0,0.0,0.0,0.0,0.0,0.0,0.0,0.0,0.0,0.0,0.0,0.0,0.0,0.0,0.0,0.0,0.0,0.0,0.0,0.0,0.0,158.97,0.0
week,Student,Active,09/16/19,5.23,0.0,0.0,0.0,0.0,0.0,0.0,0.0,0.0,0.0,0.0,0.0,0.0,0.0,0.0,0.0,0.0,0.0,0.0,0.0,0.0,5.23,36.0,5.23
week,Student,Active,09/09/19,9.5,5.25,3.1,0.92,0.67,1.52,0.65,0.43,0.7,1.5,0.0,0.0,0.0,0.0,0.0,0.0,0.0,0.0,0.0,0.0,0.0,24.23,35.72,74.72
week,Student,Active,09/02/19,1.52,2.38,0.92,0.77,0.12,0.02,0.18,0.35,0.97,0.58,1.07,0.0,0.0,0.0,0.0,0.0,0.0,0.0,0.0,0.0,0.0,8.87,27.43,43.13
week,Student,Active,08/26/19,5.37,0.8,1.0,2.67,1.88,1.47,1.03,1.68,4.5,0.97,1.05,0.08,0.0,0.0,0.0,0.0,0.0,0.0,0.0,0.0,0.0,22.5,43.22,122.27
week,Student,Active,08/19/19,2.25,3.4,0.0,0.0,0.0,0.0,0.0,0.0,0.0,0.0,0.0,0.0,0.0,0.0,0.0,0.0,0.0,0.0,0.0,0.0,0.0,5.65,30.7,9.05
week,Student,Active,08/12/19,3.5,2.23,0.67,0.25,0.15,0.43,0.55,1.25,3.2,3.85,10.22,3.1,0.0,0.0,0.0,0.0,0.0,0.0,0.0,0.0,0.0,29.4,33.2,245.05
week,Student,Active,08/05/19,4.22,1.08,1.28,0.92,0.68,0.33,1.0,1.25,2.77,2.35,4.2,0.82,0.0,0.0,0.0,0.0,0.0,0.0,0.0,0.0,0.0,20.9,38.95,140.72
week,Student,Active,07/29/19,5.3,1.12,0.63,0.7,0.5,0.72,1.17,1.1,3.57,3.83,3.38,3.62,0.17,0.0,0.0,0.0,0.0,0.0,0.0,0.0,0.0,25.8,41.6,189.22
week,Student,Active,07/22/19,2.03,4.77,0.45,0.08,0.05,0.13,0.13,0.53,1.9,1.77,1.33,0.0,0.0,0.0,0.0,0.0,0.0,0.0,0.0,0.0,0.0,13.18,24.87,68.93
week,Student,Active,07/15/19,11.78,3.2,1.88,0.12,0.07,0.1,0.5,0.15,0.25,1.05,3.03,0.0,0.0,0.0,0.0,0.0,0.0,0.0,0.0,0.0,0.0,22.13,81.32,76.05
week,Student,Active,07/08/19,4.87,1.93,0.7,0.4,0.57,0.62,1.27,0.98,3.43,6.08,2.15,0.0,0.0,0.0,0.0,0.0,0.0,0.0,0.0,0.0,0.0,23.0,41.2,151.08
week,Student,Active,07/01/19,0.25,1.62,0.45,0.0,0.0,0.0,0.0,0.0,0.0,0.0,0.0,0.0,0.0,0.0,0.0,0.0,0.0,0.0,0.0,0.0,0.0,2.32,4.38,4.83
week,Student,Active,06/24/19,0.0,0.0,0.0,0.0,0.0,0.0,0.0,0.0,0.0,0.0,0.0,0.0,0.0,0.0,0.0,0.0,0.0,0.0,0.0,0.0,0.0,0.0,14.68,0.0
week,Student,Active,06/17/19,0.0,0.0,0.0,0.0,0.0,0.0,0.0,0.0,0.0,0.0,0.0,0.0,0.0,0.0,0.0,0.0,0.0,0.0,0.0,0.0,0.0,0.0,1.07,0.0
week,Student,Active,06/10/19,0.0,0.03,0.0,0.0,0.03,0.05,0.45,0.25,1.37,1.9,0.0,0.0,0.0,0.0,0.0,0.0,0.0,0.0,0.0,0.0,0.0,4.08,4.22,36.98
week,Student,Active,06/03/19,14.03,2.77,1.18,0.6,0.07,0.05,0.13,0.0,0.0,0.0,0.0,0.0,0.0,0.0,0.0,0.0,0.0,0.0,0.0,0.0,0.0,18.83,36.32,27.08
week,Student,Active,05/27/19,0.0,0.0,0.0,0.0,0.0,0.0,0.0,0.0,0.0,0.0,0.0,0.0,0.0,0.0,0.0,0.0,0.0,0.0,0.0,0.0,0.0,0.0,28.95,0.0
week,Student,Active,05/20/19,0.0,0.0,0.0,0.0,0.0,0.0,0.0,0.0,0.0,0.0,0.0,0.0,0.0,0.0,0.0,0.0,0.0,0.0,0.0,0.0,0.0,0.0,24.98,0.0
week,Student,Active,05/13/19,2.08,1.83,0.6,0.5,0.47,0.9,0.55,0.37,0.73,1.53,1.07,1.42,1.4,0.0,0.0,0.0,0.0,0.0,0.0,0.0,0.0,13.45,35.22,92.93
week,Student,Active,05/06/19,2.38,2.45,0.88,0.57,0.68,0.23,1.02,1.55,1.92,1.3,2.03,4.02,3.58,0.0,0.0,0.0,0.0,0.0,0.0,0.0,0.0,22.62,44.2,183.93
week,Student,Active,04/29/19,3.27,1.38,1.05,0.7,1.12,0.93,1.55,1.73,2.57,2.42,1.37,1.85,0.93,0.0,0.0,0.0,0.0,0.0,0.0,0.0,0.0,20.87,34.7,144.52
week,Student,Active,04/22/19,0.0,0.0,0.0,0.0,0.0,0.0,0.0,0.0,0.0,0.0,0.0,0.0,0.0,0.0,0.0,0.0,0.0,0.0,0.0,0.0,0.0,0.0,3.5,0.0
week,Student,Active,04/15/19,1.7,1.78,0.28,0.13,0.0,0.0,0.0,0.0,0.0,0.0,0.0,0.0,0.0,0.0,0.0,0.0,0.0,0.0,0.0,0.0,0.0,3.9,11.9,6.65
week,Student,Active,04/08/19,5.48,4.45,2.18,1.08,0.0,0.0,0.0,0.0,0.0,0.0,0.0,0.0,0.0,0.0,0.0,0.0,0.0,0.0,0.0,0.0,0.0,13.2,36.18,25.27
week,Student,All,08/17/20,0.0,0.0,0.0,0.0,0.0,0.0,0.0,0.0,0.0,0.0,0.0,0.0,0.0,0.0,0.0,0.0,0.0,0.0,0.0,0.0,0.0,0.0,2.93,0.0
week,Student,All,08/10/20,0.18,0.1,1.53,0.1,0.05,1.35,0.08,0.0,0.0,0.0,0.0,0.0,0.0,0.0,0.0,0.0,0.0,0.0,0.0,0.0,0.0,3.4,43.22,14.32
week,Student,All,08/03/20,2.52,5.85,1.58,0.08,0.03,0.15,0.48,0.73,1.78,1.73,0.25,1.75,0.77,0.0,0.0,0.0,0.0,0.0,0.0,0.0,0.0,17.72,46.18,96.72
week,Student,All,07/27/20,1.23,2.07,0.3,0.17,1.2,0.0,0.3,1.03,0.7,0.25,1.15,1.05,0.03,0.25,0.0,0.0,0.0,0.0,0.0,0.0,0.0,9.73,30.67,61.28
week,Student,All,07/20/20,7.9,0.28,0.33,0.13,0.15,0.05,0.1,0.28,0.22,0.93,2.32,2.02,2.0,0.0,0.0,0.0,0.0,0.0,0.0,0.0,0.0,16.72,38.05,100.98
week,Student,All,07/13/20,2.18,0.57,0.33,0.17,0.4,0.73,0.43,1.43,0.43,0.43,0.75,1.18,1.5,0.0,0.0,0.0,0.0,0.0,0.0,0.0,0.0,10.55,25.12,76.07
week,Student,All,07/06/20,0.0,0.0,0.0,0.0,0.0,0.0,0.0,0.0,0.0,0.0,0.0,0.0,0.0,0.0,0.0,0.0,0.0,0.0,0.0,0.0,0.0,0.0,0.0,0.0
week,Student,All,06/29/20,0.0,0.0,0.0,0.0,0.0,0.0,0.0,0.0,0.0,0.0,0.0,0.0,0.0,0.0,0.0,0.0,0.0,0.0,0.0,0.0,0.0,0.0,0.0,0.0
week,Student,All,06/22/20,0.0,0.0,0.0,0.0,0.0,0.0,0.0,0.0,0.0,0.0,0.0,0.0,0.0,0.0,0.0,0.0,0.0,0.0,0.0,0.0,0.0,0.0,0.0,0.0
week,Student,All,06/15/20,0.0,0.0,0.0,0.0,0.0,0.0,0.0,0.0,0.0,0.0,0.0,0.0,0.0,0.0,0.0,0.0,0.0,0.0,0.0,0.0,0.0,0.0,0.0,0.0
week,Student,All,06/08/20,0.0,0.0,0.0,0.0,0.0,0.0,0.0,0.0,0.0,0.0,0.0,0.0,0.0,0.0,0.0,0.0,0.0,0.0,0.0,0.0,0.0,0.0,0.0,0.0
week,Student,All,06/01/20,0.0,0.0,0.0,0.0,0.0,0.0,0.0,0.0,0.0,0.0,0.0,0.0,0.0,0.0,0.0,0.0,0.0,0.0,0.0,0.0,0.0,0.0,0.0,0.0
week,Student,All,05/25/20,0.0,0.0,0.0,0.0,0.0,0.0,0.0,0.0,0.0,0.0,0.0,0.0,0.0,0.0,0.0,0.0,0.0,0.0,0.0,0.0,0.0,0.0,0.0,0.0
week,Student,All,05/18/20,0.0,0.0,0.0,0.0,0.0,0.0,0.0,0.0,0.0,0.0,0.0,0.0,0.0,0.0,0.0,0.0,0.0,0.0,0.0,0.0,0.0,0.0,0.0,0.0
week,Student,All,05/11/20,0.0,0.0,0.0,0.0,0.0,0.0,0.0,0.0,0.0,0.0,0.0,0.0,0.0,0.0,0.0,0.0,0.0,0.0,0.0,0.0,0.0,0.0,0.0,0.0
week,Student,All,05/04/20,0.0,0.0,0.0,0.0,0.0,0.0,0.0,0.0,0.0,0.0,0.0,0.0,0.0,0.0,0.0,0.0,0.0,0.0,0.0,0.0,0.0,0.0,0.0,0.0
week,Student,All,04/27/20,0.0,0.0,0.0,0.0,0.0,0.0,0.0,0.0,0.0,0.0,0.0,0.0,0.0,0.0,0.0,0.0,0.0,0.0,0.0,0.0,0.0,0.0,0.0,0.0
week,Student,All,04/20/20,0.0,0.0,0.0,0.0,0.0,0.0,0.0,0.0,0.0,0.0,0.0,0.0,0.0,0.0,0.0,0.0,0.0,0.0,0.0,0.0,0.0,0.0,0.0,0.0
week,Student,All,04/13/20,0.0,0.0,0.0,0.0,0.0,0.0,0.0,0.0,0.0,0.0,0.0,0.0,0.0,0.0,0.0,0.0,0.0,0.0,0.0,0.0,0.0,0.0,0.0,0.0
week,Student,All,04/06/20,0.0,0.0,0.0,0.0,0.0,0.0,0.0,0.0,0.0,0.0,0.0,0.0,0.0,0.0,0.0,0.0,0.0,0.0,0.0,0.0,0.0,0.0,0.0,0.0
week,Student,All,03/30/20,0.0,0.0,0.0,0.0,0.0,0.0,0.0,0.0,0.0,0.0,0.0,0.0,0.0,0.0,0.0,0.0,0.0,0.0,0.0,0.0,0.0,0.0,0.0,0.0
week,Student,All,03/23/20,0.0,0.0,0.0,0.0,0.0,0.0,0.0,0.0,0.0,0.0,0.0,0.0,0.0,0.0,0.0,0.0,0.0,0.0,0.0,0.0,0.0,0.0,0.0,0.0
week,Student,All,03/16/20,0.0,0.0,0.0,0.0,0.0,0.0,0.0,0.0,0.0,0.0,0.0,0.0,0.0,0.0,0.0,0.0,0.0,0.0,0.0,0.0,0.0,0.0,4.97,0.0
week,Student,All,03/09/20,8.6,2.97,4.73,2.38,1.08,0.07,0.05,0.28,0.8,0.67,1.47,1.18,1.23,0.35,0.0,0.0,0.0,0.0,0.0,0.0,0.0,25.87,42.5,111.83
week,Student,All,03/02/20,2.1,2.45,2.13,1.47,1.72,1.53,3.0,2.83,2.33,2.65,3.4,3.33,1.13,0.3,0.83,0.43,0.0,0.0,0.0,0.0,0.0,31.65,61.03,243.98
week,Student,All,02/24/20,2.55,8.08,2.73,2.4,1.55,0.27,0.68,0.82,0.33,0.85,1.33,2.9,1.55,1.65,1.38,0.0,0.0,0.0,0.0,0.0,0.0,29.08,44.97,182.15
week,Student,All,02/17/20,11.02,4.82,3.02,0.53,0.07,0.08,0.33,0.62,1.0,0.77,0.53,0.45,0.45,1.23,0.78,0.15,0.0,0.0,0.0,0.0,0.0,25.85,44.97,105.13
week,Student,All,02/10/20,3.93,1.35,1.02,1.77,1.33,0.82,1.52,0.6,0.93,1.1,1.8,1.0,2.08,1.22,2.18,0.05,0.0,0.0,0.0,0.0,0.0,22.7,43.8,172.6
week,Student,All,02/03/20,1.9,0.52,0.15,3.45,2.87,1.13,0.65,0.27,0.55,2.35,1.05,1.5,0.0,0.0,0.0,0.0,0.0,0.0,0.0,0.0,0.0,16.38,40.17,103.0
week,Student,All,01/27/20,1.98,0.08,0.13,0.32,0.2,0.13,0.6,0.47,0.37,0.4,1.42,3.47,1.25,0.0,0.0,0.0,0.0,0.0,0.0,0.0,0.0,10.82,43.35,94.28
week,Student,All,01/20/20,0.75,0.12,0.57,0.32,0.75,0.13,0.28,0.45,0.57,0.7,1.9,0.33,1.02,0.0,0.0,0.0,0.0,0.0,0.0,0.0,0.0,7.88,45.22,64.3
week,Student,All,01/13/20,0.33,0.6,0.18,0.63,1.13,1.43,0.6,0.63,1.5,1.22,1.02,0.47,0.18,0.0,0.0,0.0,0.0,0.0,0.0,0.0,0.0,9.93,42.28,72.98
week,Student,All,01/06/20,6.12,2.1,1.1,0.07,1.15,0.03,1.17,0.15,1.35,0.0,0.0,0.0,0.0,0.0,0.0,0.0,0.0,0.0,0.0,0.0,0.0,13.23,52.12,41.35
week,Student,All,12/30/19,0.0,0.0,0.0,0.0,0.0,0.0,0.0,0.0,0.0,0.0,0.0,0.0,0.0,0.0,0.0,0.0,0.0,0.0,0.0,0.0,0.0,0.0,0.0,0.0
week,Student,All,12/23/19,0.0,0.0,0.0,0.0,0.0,0.0,0.0,0.0,0.0,0.0,0.0,0.0,0.0,0.0,0.0,0.0,0.0,0.0,0.0,0.0,0.0,0.0,0.0,0.0
week,Student,All,12/16/19,0.0,0.0,0.0,0.0,0.0,0.0,0.0,0.0,0.0,0.0,0.0,0.0,0.0,0.0,0.0,0.0,0.0,0.0,0.0,0.0,0.0,0.0,8.38,0.0
week,Student,All,12/09/19,0.0,0.0,0.0,0.0,0.0,0.0,0.0,0.0,0.0,0.0,0.0,0.0,0.0,0.0,0.0,0.0,0.0,0.0,0.0,0.0,0.0,0.0,2.85,0.0
week,Student,All,12/02/19,32.17,2.48,0.0,0.0,0.0,0.0,0.0,0.0,0.0,0.0,0.0,0.0,0.0,0.0,0.0,0.0,0.0,0.0,0.0,0.0,0.0,34.65,57.68,37.13
week,Student,All,11/25/19,2.32,0.0,0.0,0.0,0.0,0.0,0.0,0.0,0.0,0.0,0.0,0.0,0.0,0.0,0.0,0.0,0.0,0.0,0.0,0.0,0.0,2.32,85.28,2.32
week,Student,All,11/18/19,0.17,1.22,3.42,0.62,1.48,1.23,0.97,0.48,0.0,0.0,0.0,0.0,0.0,0.0,0.0,0.0,0.0,0.0,0.0,0.0,0.0,9.58,36.0,40.77
week,Student,All,11/11/19,0.05,0.05,0.03,0.0,0.03,0.03,0.05,0.03,0.15,0.52,0.55,0.62,0.73,0.1,0.0,0.0,0.0,0.0,0.0,0.0,0.0,2.95,16.2,32.13
week,Student,All,11/04/19,0.07,0.53,1.57,0.08,0.8,0.17,0.7,0.97,0.23,0.52,0.0,0.0,0.0,0.0,0.0,0.0,0.0,0.0,0.0,0.0,0.0,5.63,6.13,31.07
week,Student,All,10/28/19,3.38,2.95,2.08,0.88,2.18,1.23,1.4,1.25,0.9,1.05,0.93,4.07,0.82,1.28,0.0,0.0,0.0,0.0,0.0,0.0,0.0,24.42,55.15,163.43
week,Student,All,10/21/19,4.58,5.57,4.85,7.58,0.85,0.87,2.05,2.92,1.08,1.4,2.98,3.43,2.85,1.87,1.33,0.0,0.0,0.0,0.0,0.0,0.0,44.22,74.07,288.68
week,Student,All,10/14/19,1.57,4.57,3.72,0.75,0.2,0.05,0.1,0.38,0.8,0.43,0.92,0.8,2.73,1.47,0.97,0.0,0.0,0.0,0.0,0.0,0.0,19.45,49.9,131.7
week,Student,All,10/07/19,0.58,0.18,0.08,0.1,0.07,0.35,0.15,0.47,0.0,0.0,0.0,0.0,0.0,0.0,0.0,0.0,0.0,0.0,0.0,0.0,0.0,1.98,43.77,8.82
week,Student,All,09/30/19,8.37,5.22,1.1,0.0,0.0,0.0,0.0,0.0,0.0,0.0,0.0,0.0,0.0,0.0,0.0,0.0,0.0,0.0,0.0,0.0,0.0,14.68,100.8,22.1
week,Student,All,09/23/19,0.0,0.0,0.0,0.0,0.0,0.0,0.0,0.0,0.0,0.0,0.0,0.0,0.0,0.0,0.0,0.0,0.0,0.0,0.0,0.0,0.0,0.0,158.97,0.0
week,Student,All,09/16/19,5.3,0.0,0.0,0.0,0.0,0.0,0.0,0.0,0.0,0.0,0.0,0.0,0.0,0.0,0.0,0.0,0.0,0.0,0.0,0.0,0.0,5.3,36.0,5.3
week,Student,All,09/09/19,7.8,5.5,5.22,1.2,0.82,1.53,0.7,0.38,0.73,1.52,0.0,0.0,0.0,0.0,0.0,0.0,0.0,0.0,0.0,0.0,0.0,25.4,35.72,82.27
week,Student,All,09/02/19,2.0,0.72,2.6,0.77,0.08,0.05,0.18,0.32,0.9,0.67,1.08,0.0,0.0,0.0,0.0,0.0,0.0,0.0,0.0,0.0,0.0,9.37,27.43,45.52
week,Student,All,08/26/19,4.63,1.23,1.23,2.65,1.98,1.42,1.0,1.52,3.05,3.07,1.07,0.08,0.0,0.0,0.0,0.0,0.0,0.0,0.0,0.0,0.0,22.93,43.22,129.8
week,Student,All,08/19/19,1.38,4.0,0.58,0.0,0.0,0.0,0.0,0.0,0.0,0.0,0.0,0.0,0.0,0.0,0.0,0.0,0.0,0.0,0.0,0.0,0.0,5.97,30.7,11.13
week,Student,All,08/12/19,2.35,0.83,3.22,0.3,0.15,0.33,0.4,1.27,2.08,4.83,10.38,3.33,0.0,0.0,0.0,0.0,0.0,0.0,0.0,0.0,0.0,29.48,33.2,251.85
week,Student,All,08/05/19,3.27,1.8,1.77,1.32,1.92,1.28,0.58,1.53,2.65,2.52,4.4,0.85,0.0,0.0,0.0,0.0,0.0,0.0,0.0,0.0,0.0,23.88,38.95,158.68
week,Student,All,07/29/19,3.5,1.47,1.45,0.88,0.23,2.63,1.77,0.9,3.65,3.2,4.25,3.6,0.18,0.0,0.0,0.0,0.0,0.0,0.0,0.0,0.0,27.72,41.6,208.03
week,Student,All,07/22/19,2.03,4.78,0.47,0.08,0.05,0.12,0.08,0.55,1.93,1.78,1.33,0.0,0.0,0.0,0.0,0.0,0.0,0.0,0.0,0.0,0.0,13.22,24.87,69.17
week,Student,All,07/15/19,10.3,5.35,1.92,0.03,0.05,0.03,0.52,0.17,0.85,0.85,3.27,0.0,0.0,0.0,0.0,0.0,0.0,0.0,0.0,0.0,0.0,23.33,81.32,84.37
week,Student,All,07/08/19,4.35,2.92,0.68,0.8,0.6,0.57,1.23,0.35,2.97,6.33,3.08,0.0,0.0,0.0,0.0,0.0,0.0,0.0,0.0,0.0,0.0,23.88,41.2,157.22
week,Student,All,07/01/19,0.08,0.65,1.12,0.5,0.0,0.0,0.0,0.0,0.0,0.0,0.0,0.0,0.0,0.0,0.0,0.0,0.0,0.0,0.0,0.0,0.0,2.35,4.38,6.73
week,Student,All,06/24/19,0.0,0.0,0.0,0.0,0.0,0.0,0.0,0.0,0.0,0.0,0.0,0.0,0.0,0.0,0.0,0.0,0.0,0.0,0.0,0.0,0.0,0.0,14.68,0.0
week,Student,All,06/17/19,0.0,0.0,0.0,0.0,0.0,0.0,0.0,0.0,0.0,0.0,0.0,0.0,0.0,0.0,0.0,0.0,0.0,0.0,0.0,0.0,0.0,0.0,1.07,0.0
week,Student,All,06/10/19,0.0,0.02,0.02,0.0,0.03,0.05,0.45,0.18,0.85,2.48,0.0,0.0,0.0,0.0,0.0,0.0,0.0,0.0,0.0,0.0,0.0,4.08,4.22,37.65
week,Student,All,06/03/19,11.83,4.33,3.83,3.13,0.7,0.08,0.05,0.13,0.0,0.0,0.0,0.0,0.0,0.0,0.0,0.0,0.0,0.0,0.0,0.0,0.0,24.1,36.32,49.95
week,Student,All,05/27/19,0.0,0.0,0.0,0.0,0.0,0.0,0.0,0.0,0.0,0.0,0.0,0.0,0.0,0.0,0.0,0.0,0.0,0.0,0.0,0.0,0.0,0.0,28.95,0.0
week,Student,All,05/20/19,0.0,0.0,0.0,0.0,0.0,0.0,0.0,0.0,0.0,0.0,0.0,0.0,0.0,0.0,0.0,0.0,0.0,0.0,0.0,0.0,0.0,0.0,24.98,0.0
week,Student,All,05/13/19,2.33,1.65,0.85,1.63,0.38,0.2,1.13,0.57,0.63,1.65,0.52,2.0,1.43,0.0,0.0,0.0,0.0,0.0,0.0,0.0,0.0,14.98,35.22,100.82
week,Student,All,05/06/19,3.12,0.37,1.97,2.6,0.63,0.38,0.95,1.58,1.88,0.97,2.23,4.43,3.88,0.0,0.0,0.0,0.0,0.0,0.0,0.0,0.0,25.0,44.2,199.8
week,Student,All,04/29/19,7.07,0.72,1.62,1.0,0.38,0.75,1.23,3.3,2.98,3.12,1.48,2.15,0.95,0.0,0.0,0.0,0.0,0.0,0.0,0.0,0.0,26.75,34.7,171.28
week,Student,All,04/22/19,0.0,0.0,0.0,0.0,0.0,0.0,0.0,0.0,0.0,0.0,0.0,0.0,0.0,0.0,0.0,0.0,0.0,0.0,0.0,0.0,0.0,0.0,3.5,0.0
week,Student,All,04/15/19,1.03,0.9,3.97,0.85,0.0,0.0,0.0,0.0,0.0,0.0,0.0,0.0,0.0,0.0,0.0,0.0,0.0,0.0,0.0,0.0,0.0,6.75,11.9,18.13
week,Student,All,04/08/19,6.58,4.15,2.22,2.15,0.0,0.0,0.0,0.0,0.0,0.0,0.0,0.0,0.0,0.0,0.0,0.0,0.0,0.0,0.0,0.0,0.0,15.1,36.18,30.13
week,Teacher,Active,08/17/20,2.78,0.08,0.0,0.0,0.0,0.0,0.0,0.0,0.0,0.0,0.0,0.0,0.0,0.0,0.0,0.0,0.0,0.0,0.0,0.0,0.0,2.87,2.93,2.95
week,Teacher,Active,08/10/20,13.07,20.63,4.93,1.17,0.17,0.0,0.0,0.0,0.0,0.0,0.0,0.0,0.0,0.0,0.0,0.0,0.0,0.0,0.0,0.0,0.0,39.97,43.22,74.63
week,Teacher,Active,08/03/20,25.62,10.72,6.43,0.95,0.22,0.0,0.0,0.0,0.0,0.0,0.0,0.0,0.0,0.0,0.0,0.0,0.0,0.0,0.0,0.0,0.0,43.93,46.18,71.23
week,Teacher,Active,07/27/20,21.9,4.13,0.0,0.0,0.0,0.0,0.0,0.0,0.0,0.0,0.0,0.0,0.0,0.0,0.0,0.0,0.0,0.0,0.0,0.0,0.0,26.03,30.67,30.17
week,Teacher,Active,07/20/20,19.7,3.53,0.6,0.0,0.0,0.0,0.0,0.0,0.0,0.0,0.0,0.0,0.0,0.0,0.0,0.0,0.0,0.0,0.0,0.0,0.0,23.83,38.05,28.57
week,Teacher,Active,07/13/20,18.73,2.27,0.0,0.0,0.0,0.0,0.0,0.0,0.0,0.0,0.0,0.0,0.0,0.0,0.0,0.0,0.0,0.0,0.0,0.0,0.0,21.0,25.12,23.27
week,Teacher,Active,07/06/20,0.0,0.0,0.0,0.0,0.0,0.0,0.0,0.0,0.0,0.0,0.0,0.0,0.0,0.0,0.0,0.0,0.0,0.0,0.0,0.0,0.0,0.0,0.0,0.0
week,Teacher,Active,06/29/20,0.0,0.0,0.0,0.0,0.0,0.0,0.0,0.0,0.0,0.0,0.0,0.0,0.0,0.0,0.0,0.0,0.0,0.0,0.0,0.0,0.0,0.0,0.0,0.0
week,Teacher,Active,06/22/20,0.0,0.0,0.0,0.0,0.0,0.0,0.0,0.0,0.0,0.0,0.0,0.0,0.0,0.0,0.0,0.0,0.0,0.0,0.0,0.0,0.0,0.0,0.0,0.0
week,Teacher,Active,06/15/20,0.0,0.0,0.0,0.0,0.0,0.0,0.0,0.0,0.0,0.0,0.0,0.0,0.0,0.0,0.0,0.0,0.0,0.0,0.0,0.0,0.0,0.0,0.0,0.0
week,Teacher,Active,06/08/20,0.0,0.0,0.0,0.0,0.0,0.0,0.0,0.0,0.0,0.0,0.0,0.0,0.0,0.0,0.0,0.0,0.0,0.0,0.0,0.0,0.0,0.0,0.0,0.0
week,Teacher,Active,06/01/20,0.0,0.0,0.0,0.0,0.0,0.0,0.0,0.0,0.0,0.0,0.0,0.0,0.0,0.0,0.0,0.0,0.0,0.0,0.0,0.0,0.0,0.0,0.0,0.0
week,Teacher,Active,05/25/20,0.0,0.0,0.0,0.0,0.0,0.0,0.0,0.0,0.0,0.0,0.0,0.0,0.0,0.0,0.0,0.0,0.0,0.0,0.0,0.0,0.0,0.0,0.0,0.0
week,Teacher,Active,05/18/20,0.0,0.0,0.0,0.0,0.0,0.0,0.0,0.0,0.0,0.0,0.0,0.0,0.0,0.0,0.0,0.0,0.0,0.0,0.0,0.0,0.0,0.0,0.0,0.0
week,Teacher,Active,05/11/20,0.0,0.0,0.0,0.0,0.0,0.0,0.0,0.0,0.0,0.0,0.0,0.0,0.0,0.0,0.0,0.0,0.0,0.0,0.0,0.0,0.0,0.0,0.0,0.0
week,Teacher,Active,05/04/20,0.0,0.0,0.0,0.0,0.0,0.0,0.0,0.0,0.0,0.0,0.0,0.0,0.0,0.0,0.0,0.0,0.0,0.0,0.0,0.0,0.0,0.0,0.0,0.0
week,Teacher,Active,04/27/20,0.0,0.0,0.0,0.0,0.0,0.0,0.0,0.0,0.0,0.0,0.0,0.0,0.0,0.0,0.0,0.0,0.0,0.0,0.0,0.0,0.0,0.0,0.0,0.0
week,Teacher,Active,04/20/20,0.0,0.0,0.0,0.0,0.0,0.0,0.0,0.0,0.0,0.0,0.0,0.0,0.0,0.0,0.0,0.0,0.0,0.0,0.0,0.0,0.0,0.0,0.0,0.0
week,Teacher,Active,04/13/20,0.0,0.0,0.0,0.0,0.0,0.0,0.0,0.0,0.0,0.0,0.0,0.0,0.0,0.0,0.0,0.0,0.0,0.0,0.0,0.0,0.0,0.0,0.0,0.0
week,Teacher,Active,04/06/20,0.0,0.0,0.0,0.0,0.0,0.0,0.0,0.0,0.0,0.0,0.0,0.0,0.0,0.0,0.0,0.0,0.0,0.0,0.0,0.0,0.0,0.0,0.0,0.0
week,Teacher,Active,03/30/20,0.0,0.0,0.0,0.0,0.0,0.0,0.0,0.0,0.0,0.0,0.0,0.0,0.0,0.0,0.0,0.0,0.0,0.0,0.0,0.0,0.0,0.0,0.0,0.0
week,Teacher,Active,03/23/20,0.0,0.0,0.0,0.0,0.0,0.0,0.0,0.0,0.0,0.0,0.0,0.0,0.0,0.0,0.0,0.0,0.0,0.0,0.0,0.0,0.0,0.0,0.0,0.0
week,Teacher,Active,03/16/20,0.12,3.27,0.4,0.63,0.38,0.0,0.0,0.0,0.0,0.0,0.0,0.0,0.0,0.0,0.0,0.0,0.0,0.0,0.0,0.0,0.0,4.8,4.97,12.3
week,Teacher,Active,03/09/20,13.82,22.42,0.33,0.0,0.0,0.0,0.0,0.0,0.0,0.0,0.0,0.0,0.0,0.0,0.0,0.0,0.0,0.0,0.0,0.0,0.0,36.57,42.5,59.65
week,Teacher,Active,03/02/20,22.63,12.37,4.53,0.22,0.0,0.0,0.0,0.0,0.0,0.0,0.0,0.0,0.0,0.0,0.0,0.0,0.0,0.0,0.0,0.0,0.0,39.75,61.03,61.83
week,Teacher,Active,02/24/20,25.13,4.27,7.53,0.85,0.0,0.0,0.0,0.0,0.0,0.0,0.0,0.0,0.0,0.0,0.0,0.0,0.0,0.0,0.0,0.0,0.0,37.78,44.97,59.67
week,Teacher,Active,02/17/20,23.03,9.62,3.03,0.0,0.0,0.0,0.0,0.0,0.0,0.0,0.0,0.0,0.0,0.0,0.0,0.0,0.0,0.0,0.0,0.0,0.0,35.68,44.97,51.37
week,Teacher,Active,02/10/20,18.2,12.45,0.7,0.0,0.0,0.0,0.0,0.0,0.0,0.0,0.0,0.0,0.0,0.0,0.0,0.0,0.0,0.0,0.0,0.0,0.0,31.35,43.8,45.2
week,Teacher,Active,02/03/20,24.28,3.48,0.4,0.0,0.0,0.0,0.0,0.0,0.0,0.0,0.0,0.0,0.0,0.0,0.0,0.0,0.0,0.0,0.0,0.0,0.0,28.17,40.17,32.45
week,Teacher,Active,01/27/20,18.9,9.6,4.52,3.22,0.0,0.0,0.0,0.0,0.0,0.0,0.0,0.0,0.0,0.0,0.0,0.0,0.0,0.0,0.0,0.0,0.0,36.23,43.35,64.52
week,Teacher,Active,01/20/20,20.98,15.57,1.22,0.08,0.0,0.0,0.0,0.0,0.0,0.0,0.0,0.0,0.0,0.0,0.0,0.0,0.0,0.0,0.0,0.0,0.0,37.85,45.22,56.1
week,Teacher,Active,01/13/20,21.65,9.13,0.28,0.18,0.0,0.0,0.0,0.0,0.0,0.0,0.0,0.0,0.0,0.0,0.0,0.0,0.0,0.0,0.0,0.0,0.0,31.25,42.28,41.5
week,Teacher,Active,01/06/20,32.08,2.77,2.15,1.47,0.0,0.0,0.0,0.0,0.0,0.0,0.0,0.0,0.0,0.0,0.0,0.0,0.0,0.0,0.0,0.0,0.0,38.47,52.12,49.93
week,Teacher,Active,12/30/19,0.0,0.0,0.0,0.0,0.0,0.0,0.0,0.0,0.0,0.0,0.0,0.0,0.0,0.0,0.0,0.0,0.0,0.0,0.0,0.0,0.0,0.0,0.0,0.0
week,Teacher,Active,12/23/19,0.0,0.0,0.0,0.0,0.0,0.0,0.0,0.0,0.0,0.0,0.0,0.0,0.0,0.0,0.0,0.0,0.0,0.0,0.0,0.0,0.0,0.0,0.0,0.0
week,Teacher,Active,12/16/19,5.85,2.33,0.13,0.0,0.0,0.0,0.0,0.0,0.0,0.0,0.0,0.0,0.0,0.0,0.0,0.0,0.0,0.0,0.0,0.0,0.0,8.32,8.38,10.92
week,Teacher,Active,12/09/19,0.55,2.28,0.0,0.0,0.0,0.0,0.0,0.0,0.0,0.0,0.0,0.0,0.0,0.0,0.0,0.0,0.0,0.0,0.0,0.0,0.0,2.83,2.85,5.12
week,Teacher,Active,12/02/19,13.72,1.73,0.0,0.0,0.0,0.0,0.0,0.0,0.0,0.0,0.0,0.0,0.0,0.0,0.0,0.0,0.0,0.0,0.0,0.0,0.0,15.45,57.68,17.18
week,Teacher,Active,11/25/19,11.33,4.47,1.58,0.0,0.0,0.0,0.0,0.0,0.0,0.0,0.0,0.0,0.0,0.0,0.0,0.0,0.0,0.0,0.0,0.0,0.0,17.38,85.28,25.02
week,Teacher,Active,11/18/19,6.93,3.22,0.0,0.0,0.0,0.0,0.0,0.0,0.0,0.0,0.0,0.0,0.0,0.0,0.0,0.0,0.0,0.0,0.0,0.0,0.0,10.15,36.0,13.37
week,Teacher,Active,11/11/19,9.07,0.0,0.0,0.0,0.0,0.0,0.0,0.0,0.0,0.0,0.0,0.0,0.0,0.0,0.0,0.0,0.0,0.0,0.0,0.0,0.0,9.07,16.2,9.07
week,Teacher,Active,11/04/19,4.17,1.73,0.0,0.0,0.0,0.0,0.0,0.0,0.0,0.0,0.0,0.0,0.0,0.0,0.0,0.0,0.0,0.0,0.0,0.0,0.0,5.9,6.13,7.63
week,Teacher,Active,10/28/19,22.23,12.33,6.85,2.55,0.03,0.0,0.0,0.0,0.0,0.0,0.0,0.0,0.0,0.0,0.0,0.0,0.0,0.0,0.0,0.0,0.0,44.0,55.15,77.82
week,Teacher,Active,10/21/19,36.82,11.7,1.72,0.0,0.0,0.0,0.0,0.0,0.0,0.0,0.0,0.0,0.0,0.0,0.0,0.0,0.0,0.0,0.0,0.0,0.0,50.23,74.07,65.37
week,Teacher,Active,10/14/19,26.03,8.58,3.83,0.13,0.0,0.0,0.0,0.0,0.0,0.0,0.0,0.0,0.0,0.0,0.0,0.0,0.0,0.0,0.0,0.0,0.0,38.58,49.9,55.23
week,Teacher,Active,10/07/19,6.13,7.75,0.0,0.0,0.0,0.0,0.0,0.0,0.0,0.0,0.0,0.0,0.0,0.0,0.0,0.0,0.0,0.0,0.0,0.0,0.0,13.88,43.77,21.63
week,Teacher,Active,09/30/19,17.75,8.62,0.0,0.0,0.0,0.0,0.0,0.0,0.0,0.0,0.0,0.0,0.0,0.0,0.0,0.0,0.0,0.0,0.0,0.0,0.0,26.37,100.8,34.98
week,Teacher,Active,09/23/19,0.03,0.0,0.0,0.0,0.0,0.0,0.0,0.0,0.0,0.0,0.0,0.0,0.0,0.0,0.0,0.0,0.0,0.0,0.0,0.0,0.0,0.03,158.97,0.03
week,Teacher,Active,09/16/19,8.1,14.42,4.62,1.42,0.0,0.0,0.0,0.0,0.0,0.0,0.0,0.0,0.0,0.0,0.0,0.0,0.0,0.0,0.0,0.0,0.0,28.55,36.0,56.45
week,Teacher,Active,09/09/19,8.32,5.18,0.57,0.0,0.0,0.0,0.0,0.0,0.0,0.0,0.0,0.0,0.0,0.0,0.0,0.0,0.0,0.0,0.0,0.0,0.0,14.07,35.72,20.38
week,Teacher,Active,09/02/19,16.3,3.57,0.65,0.0,0.0,0.0,0.0,0.0,0.0,0.0,0.0,0.0,0.0,0.0,0.0,0.0,0.0,0.0,0.0,0.0,0.0,20.52,27.43,25.38
week,Teacher,Active,08/26/19,19.22,4.3,5.57,1.48,0.17,0.17,0.0,0.0,0.0,0.0,0.0,0.0,0.0,0.0,0.0,0.0,0.0,0.0,0.0,0.0,0.0,30.9,43.22,52.28
week,Teacher,Active,08/19/19,19.5,5.6,2.75,0.6,0.0,0.0,0.0,0.0,0.0,0.0,0.0,0.0,0.0,0.0,0.0,0.0,0.0,0.0,0.0,0.0,0.0,28.45,30.7,41.35
week,Teacher,Active,08/12/19,29.22,1.92,1.25,0.27,0.0,0.0,0.0,0.0,0.0,0.0,0.0,0.0,0.0,0.0,0.0,0.0,0.0,0.0,0.0,0.0,0.0,32.65,33.2,37.87
week,Teacher,Active,08/05/19,13.4,15.32,6.02,1.4,0.0,0.0,0.0,0.0,0.0,0.0,0.0,0.0,0.0,0.0,0.0,0.0,0.0,0.0,0.0,0.0,0.0,36.13,38.95,67.68
week,Teacher,Active,07/29/19,19.23,10.85,2.85,0.35,0.53,0.15,0.0,0.0,0.0,0.0,0.0,0.0,0.0,0.0,0.0,0.0,0.0,0.0,0.0,0.0,0.0,33.97,41.6,54.45
week,Teacher,Active,07/22/19,14.35,1.45,0.0,0.0,0.0,0.0,0.0,0.0,0.0,0.0,0.0,0.0,0.0,0.0,0.0,0.0,0.0,0.0,0.0,0.0,0.0,15.8,24.87,17.25
week,Teacher,Active,07/15/19,11.63,2.12,0.47,0.0,0.0,0.0,0.0,0.0,0.0,0.0,0.0,0.0,0.0,0.0,0.0,0.0,0.0,0.0,0.0,0.0,0.0,14.22,81.32,17.27
week,Teacher,Active,07/08/19,16.38,11.77,5.72,3.15,0.0,0.0,0.0,0.0,0.0,0.0,0.0,0.0,0.0,0.0,0.0,0.0,0.0,0.0,0.0,0.0,0.0,37.02,41.2,69.67
week,Teacher,Active,07/01/19,1.73,0.0,0.0,0.0,0.0,0.0,0.0,0.0,0.0,0.0,0.0,0.0,0.0,0.0,0.0,0.0,0.0,0.0,0.0,0.0,0.0,1.73,4.38,1.73
week,Teacher,Active,06/24/19,13.95,0.0,0.0,0.0,0.0,0.0,0.0,0.0,0.0,0.0,0.0,0.0,0.0,0.0,0.0,0.0,0.0,0.0,0.0,0.0,0.0,13.95,14.68,13.95
week,Teacher,Active,06/17/19,1.03,0.0,0.0,0.0,0.0,0.0,0.0,0.0,0.0,0.0,0.0,0.0,0.0,0.0,0.0,0.0,0.0,0.0,0.0,0.0,0.0,1.03,1.07,1.03
week,Teacher,Active,06/10/19,1.68,0.0,0.0,0.0,0.0,0.0,0.0,0.0,0.0,0.0,0.0,0.0,0.0,0.0,0.0,0.0,0.0,0.0,0.0,0.0,0.0,1.68,4.22,1.68
week,Teacher,Active,06/03/19,18.3,11.98,0.62,0.0,0.0,0.0,0.0,0.0,0.0,0.0,0.0,0.0,0.0,0.0,0.0,0.0,0.0,0.0,0.0,0.0,0.0,30.9,36.32,44.12
week,Teacher,Active,05/27/19,8.43,0.0,0.0,0.0,0.0,0.0,0.0,0.0,0.0,0.0,0.0,0.0,0.0,0.0,0.0,0.0,0.0,0.0,0.0,0.0,0.0,8.43,28.95,8.43
week,Teacher,Active,05/20/19,9.37,0.08,0.0,0.0,0.0,0.0,0.0,0.0,0.0,0.0,0.0,0.0,0.0,0.0,0.0,0.0,0.0,0.0,0.0,0.0,0.0,9.45,24.98,9.53
week,Teacher,Active,05/13/19,20.12,0.1,0.0,0.0,0.0,0.0,0.0,0.0,0.0,0.0,0.0,0.0,0.0,0.0,0.0,0.0,0.0,0.0,0.0,0.0,0.0,20.22,35.22,20.32
week,Teacher,Active,05/06/19,26.57,10.47,4.35,0.47,0.0,0.0,0.0,0.0,0.0,0.0,0.0,0.0,0.0,0.0,0.0,0.0,0.0,0.0,0.0,0.0,0.0,41.85,44.2,62.42
week,Teacher,Active,04/29/19,19.92,5.17,0.22,0.33,0.7,0.0,0.0,0.0,0.0,0.0,0.0,0.0,0.0,0.0,0.0,0.0,0.0,0.0,0.0,0.0,0.0,26.33,34.7,35.73
week,Teacher,Active,04/22/19,3.25,0.0,0.0,0.0,0.0,0.0,0.0,0.0,0.0,0.0,0.0,0.0,0.0,0.0,0.0,0.0,0.0,0.0,0.0,0.0,0.0,3.25,3.5,3.25
week,Teacher,Active,04/15/19,3.4,0.23,0.0,0.0,0.0,0.0,0.0,0.0,0.0,0.0,0.0,0.0,0.0,0.0,0.0,0.0,0.0,0.0,0.0,0.0,0.0,3.63,11.9,3.87
week,Teacher,Active,04/08/19,15.1,13.65,4.93,0.0,0.0,0.0,0.0,0.0,0.0,0.0,0.0,0.0,0.0,0.0,0.0,0.0,0.0,0.0,0.0,0.0,0.0,33.68,36.18,57.2
week,Teacher,All,08/17/20,2.78,0.08,0.0,0.0,0.0,0.0,0.0,0.0,0.0,0.0,0.0,0.0,0.0,0.0,0.0,0.0,0.0,0.0,0.0,0.0,0.0,2.87,2.93,2.95
week,Teacher,All,08/10/20,13.07,20.63,4.93,1.17,0.17,0.0,0.0,0.0,0.0,0.0,0.0,0.0,0.0,0.0,0.0,0.0,0.0,0.0,0.0,0.0,0.0,39.97,43.22,74.63
week,Teacher,All,08/03/20,25.62,10.72,6.43,0.95,0.22,0.0,0.0,0.0,0.0,0.0,0.0,0.0,0.0,0.0,0.0,0.0,0.0,0.0,0.0,0.0,0.0,43.93,46.18,71.23
week,Teacher,All,07/27/20,21.9,4.13,0.0,0.0,0.0,0.0,0.0,0.0,0.0,0.0,0.0,0.0,0.0,0.0,0.0,0.0,0.0,0.0,0.0,0.0,0.0,26.03,30.67,30.17
week,Teacher,All,07/20/20,19.7,3.53,0.6,0.0,0.0,0.0,0.0,0.0,0.0,0.0,0.0,0.0,0.0,0.0,0.0,0.0,0.0,0.0,0.0,0.0,0.0,23.83,38.05,28.57
week,Teacher,All,07/13/20,18.73,2.27,0.0,0.0,0.0,0.0,0.0,0.0,0.0,0.0,0.0,0.0,0.0,0.0,0.0,0.0,0.0,0.0,0.0,0.0,0.0,21.0,25.12,23.27
week,Teacher,All,07/06/20,0.0,0.0,0.0,0.0,0.0,0.0,0.0,0.0,0.0,0.0,0.0,0.0,0.0,0.0,0.0,0.0,0.0,0.0,0.0,0.0,0.0,0.0,0.0,0.0
week,Teacher,All,06/29/20,0.0,0.0,0.0,0.0,0.0,0.0,0.0,0.0,0.0,0.0,0.0,0.0,0.0,0.0,0.0,0.0,0.0,0.0,0.0,0.0,0.0,0.0,0.0,0.0
week,Teacher,All,06/22/20,0.0,0.0,0.0,0.0,0.0,0.0,0.0,0.0,0.0,0.0,0.0,0.0,0.0,0.0,0.0,0.0,0.0,0.0,0.0,0.0,0.0,0.0,0.0,0.0
week,Teacher,All,06/15/20,0.0,0.0,0.0,0.0,0.0,0.0,0.0,0.0,0.0,0.0,0.0,0.0,0.0,0.0,0.0,0.0,0.0,0.0,0.0,0.0,0.0,0.0,0.0,0.0
week,Teacher,All,06/08/20,0.0,0.0,0.0,0.0,0.0,0.0,0.0,0.0,0.0,0.0,0.0,0.0,0.0,0.0,0.0,0.0,0.0,0.0,0.0,0.0,0.0,0.0,0.0,0.0
week,Teacher,All,06/01/20,0.0,0.0,0.0,0.0,0.0,0.0,0.0,0.0,0.0,0.0,0.0,0.0,0.0,0.0,0.0,0.0,0.0,0.0,0.0,0.0,0.0,0.0,0.0,0.0
week,Teacher,All,05/25/20,0.0,0.0,0.0,0.0,0.0,0.0,0.0,0.0,0.0,0.0,0.0,0.0,0.0,0.0,0.0,0.0,0.0,0.0,0.0,0.0,0.0,0.0,0.0,0.0
week,Teacher,All,05/18/20,0.0,0.0,0.0,0.0,0.0,0.0,0.0,0.0,0.0,0.0,0.0,0.0,0.0,0.0,0.0,0.0,0.0,0.0,0.0,0.0,0.0,0.0,0.0,0.0
week,Teacher,All,05/11/20,0.0,0.0,0.0,0.0,0.0,0.0,0.0,0.0,0.0,0.0,0.0,0.0,0.0,0.0,0.0,0.0,0.0,0.0,0.0,0.0,0.0,0.0,0.0,0.0
week,Teacher,All,05/04/20,0.0,0.0,0.0,0.0,0.0,0.0,0.0,0.0,0.0,0.0,0.0,0.0,0.0,0.0,0.0,0.0,0.0,0.0,0.0,0.0,0.0,0.0,0.0,0.0
week,Teacher,All,04/27/20,0.0,0.0,0.0,0.0,0.0,0.0,0.0,0.0,0.0,0.0,0.0,0.0,0.0,0.0,0.0,0.0,0.0,0.0,0.0,0.0,0.0,0.0,0.0,0.0
week,Teacher,All,04/20/20,0.0,0.0,0.0,0.0,0.0,0.0,0.0,0.0,0.0,0.0,0.0,0.0,0.0,0.0,0.0,0.0,0.0,0.0,0.0,0.0,0.0,0.0,0.0,0.0
week,Teacher,All,04/13/20,0.0,0.0,0.0,0.0,0.0,0.0,0.0,0.0,0.0,0.0,0.0,0.0,0.0,0.0,0.0,0.0,0.0,0.0,0.0,0.0,0.0,0.0,0.0,0.0
week,Teacher,All,04/06/20,0.0,0.0,0.0,0.0,0.0,0.0,0.0,0.0,0.0,0.0,0.0,0.0,0.0,0.0,0.0,0.0,0.0,0.0,0.0,0.0,0.0,0.0,0.0,0.0
week,Teacher,All,03/30/20,0.0,0.0,0.0,0.0,0.0,0.0,0.0,0.0,0.0,0.0,0.0,0.0,0.0,0.0,0.0,0.0,0.0,0.0,0.0,0.0,0.0,0.0,0.0,0.0
week,Teacher,All,03/23/20,0.0,0.0,0.0,0.0,0.0,0.0,0.0,0.0,0.0,0.0,0.0,0.0,0.0,0.0,0.0,0.0,0.0,0.0,0.0,0.0,0.0,0.0,0.0,0.0
week,Teacher,All,03/16/20,0.12,3.27,0.4,0.63,0.38,0.0,0.0,0.0,0.0,0.0,0.0,0.0,0.0,0.0,0.0,0.0,0.0,0.0,0.0,0.0,0.0,4.8,4.97,12.3
week,Teacher,All,03/09/20,13.82,22.42,0.33,0.0,0.0,0.0,0.0,0.0,0.0,0.0,0.0,0.0,0.0,0.0,0.0,0.0,0.0,0.0,0.0,0.0,0.0,36.57,42.5,59.65
week,Teacher,All,03/02/20,22.63,12.37,4.53,0.22,0.0,0.0,0.0,0.0,0.0,0.0,0.0,0.0,0.0,0.0,0.0,0.0,0.0,0.0,0.0,0.0,0.0,39.75,61.03,61.83
week,Teacher,All,02/24/20,25.13,4.27,7.53,0.85,0.0,0.0,0.0,0.0,0.0,0.0,0.0,0.0,0.0,0.0,0.0,0.0,0.0,0.0,0.0,0.0,0.0,37.78,44.97,59.67
week,Teacher,All,02/17/20,23.03,9.62,3.03,0.0,0.0,0.0,0.0,0.0,0.0,0.0,0.0,0.0,0.0,0.0,0.0,0.0,0.0,0.0,0.0,0.0,0.0,35.68,44.97,51.37
week,Teacher,All,02/10/20,18.2,12.45,0.7,0.0,0.0,0.0,0.0,0.0,0.0,0.0,0.0,0.0,0.0,0.0,0.0,0.0,0.0,0.0,0.0,0.0,0.0,31.35,43.8,45.2
week,Teacher,All,02/03/20,24.28,3.48,0.4,0.0,0.0,0.0,0.0,0.0,0.0,0.0,0.0,0.0,0.0,0.0,0.0,0.0,0.0,0.0,0.0,0.0,0.0,28.17,40.17,32.45
week,Teacher,All,01/27/20,18.9,9.6,4.52,3.22,0.0,0.0,0.0,0.0,0.0,0.0,0.0,0.0,0.0,0.0,0.0,0.0,0.0,0.0,0.0,0.0,0.0,36.23,43.35,64.52
week,Teacher,All,01/20/20,20.98,15.57,1.22,0.08,0.0,0.0,0.0,0.0,0.0,0.0,0.0,0.0,0.0,0.0,0.0,0.0,0.0,0.0,0.0,0.0,0.0,37.85,45.22,56.1
week,Teacher,All,01/13/20,21.65,9.13,0.28,0.18,0.0,0.0,0.0,0.0,0.0,0.0,0.0,0.0,0.0,0.0,0.0,0.0,0.0,0.0,0.0,0.0,0.0,31.25,42.28,41.5
week,Teacher,All,01/06/20,32.08,2.77,2.15,1.47,0.0,0.0,0.0,0.0,0.0,0.0,0.0,0.0,0.0,0.0,0.0,0.0,0.0,0.0,0.0,0.0,0.0,38.47,52.12,49.93
week,Teacher,All,12/30/19,0.0,0.0,0.0,0.0,0.0,0.0,0.0,0.0,0.0,0.0,0.0,0.0,0.0,0.0,0.0,0.0,0.0,0.0,0.0,0.0,0.0,0.0,0.0,0.0
week,Teacher,All,12/23/19,0.0,0.0,0.0,0.0,0.0,0.0,0.0,0.0,0.0,0.0,0.0,0.0,0.0,0.0,0.0,0.0,0.0,0.0,0.0,0.0,0.0,0.0,0.0,0.0
week,Teacher,All,12/16/19,5.85,2.33,0.13,0.0,0.0,0.0,0.0,0.0,0.0,0.0,0.0,0.0,0.0,0.0,0.0,0.0,0.0,0.0,0.0,0.0,0.0,8.32,8.38,10.92
week,Teacher,All,12/09/19,0.55,2.28,0.0,0.0,0.0,0.0,0.0,0.0,0.0,0.0,0.0,0.0,0.0,0.0,0.0,0.0,0.0,0.0,0.0,0.0,0.0,2.83,2.85,5.12
week,Teacher,All,12/02/19,13.72,1.73,0.0,0.0,0.0,0.0,0.0,0.0,0.0,0.0,0.0,0.0,0.0,0.0,0.0,0.0,0.0,0.0,0.0,0.0,0.0,15.45,57.68,17.18
week,Teacher,All,11/25/19,11.33,4.47,1.58,0.0,0.0,0.0,0.0,0.0,0.0,0.0,0.0,0.0,0.0,0.0,0.0,0.0,0.0,0.0,0.0,0.0,0.0,17.38,85.28,25.02
week,Teacher,All,11/18/19,6.93,3.22,0.0,0.0,0.0,0.0,0.0,0.0,0.0,0.0,0.0,0.0,0.0,0.0,0.0,0.0,0.0,0.0,0.0,0.0,0.0,10.15,36.0,13.37
week,Teacher,All,11/11/19,9.07,0.0,0.0,0.0,0.0,0.0,0.0,0.0,0.0,0.0,0.0,0.0,0.0,0.0,0.0,0.0,0.0,0.0,0.0,0.0,0.0,9.07,16.2,9.07
week,Teacher,All,11/04/19,4.17,1.73,0.0,0.0,0.0,0.0,0.0,0.0,0.0,0.0,0.0,0.0,0.0,0.0,0.0,0.0,0.0,0.0,0.0,0.0,0.0,5.9,6.13,7.63
week,Teacher,All,10/28/19,22.23,12.33,6.85,2.55,0.03,0.0,0.0,0.0,0.0,0.0,0.0,0.0,0.0,0.0,0.0,0.0,0.0,0.0,0.0,0.0,0.0,44.0,55.15,77.82
week,Teacher,All,10/21/19,36.82,11.7,1.72,0.0,0.0,0.0,0.0,0.0,0.0,0.0,0.0,0.0,0.0,0.0,0.0,0.0,0.0,0.0,0.0,0.0,0.0,50.23,74.07,65.37
week,Teacher,All,10/14/19,26.03,8.58,3.83,0.13,0.0,0.0,0.0,0.0,0.0,0.0,0.0,0.0,0.0,0.0,0.0,0.0,0.0,0.0,0.0,0.0,0.0,38.58,49.9,55.23
week,Teacher,All,10/07/19,6.13,7.75,0.0,0.0,0.0,0.0,0.0,0.0,0.0,0.0,0.0,0.0,0.0,0.0,0.0,0.0,0.0,0.0,0.0,0.0,0.0,13.88,43.77,21.63
week,Teacher,All,09/30/19,17.75,8.62,0.0,0.0,0.0,0.0,0.0,0.0,0.0,0.0,0.0,0.0,0.0,0.0,0.0,0.0,0.0,0.0,0.0,0.0,0.0,26.37,100.8,34.98
week,Teacher,All,09/23/19,0.03,0.0,0.0,0.0,0.0,0.0,0.0,0.0,0.0,0.0,0.0,0.0,0.0,0.0,0.0,0.0,0.0,0.0,0.0,0.0,0.0,0.03,158.97,0.03
week,Teacher,All,09/16/19,8.1,14.42,4.62,1.42,0.0,0.0,0.0,0.0,0.0,0.0,0.0,0.0,0.0,0.0,0.0,0.0,0.0,0.0,0.0,0.0,0.0,28.55,36.0,56.45
week,Teacher,All,09/09/19,8.32,5.18,0.57,0.0,0.0,0.0,0.0,0.0,0.0,0.0,0.0,0.0,0.0,0.0,0.0,0.0,0.0,0.0,0.0,0.0,0.0,14.07,35.72,20.38
week,Teacher,All,09/02/19,16.3,3.57,0.65,0.0,0.0,0.0,0.0,0.0,0.0,0.0,0.0,0.0,0.0,0.0,0.0,0.0,0.0,0.0,0.0,0.0,0.0,20.52,27.43,25.38
week,Teacher,All,08/26/19,19.22,4.3,5.57,1.48,0.17,0.17,0.0,0.0,0.0,0.0,0.0,0.0,0.0,0.0,0.0,0.0,0.0,0.0,0.0,0.0,0.0,30.9,43.22,52.28
week,Teacher,All,08/19/19,19.5,5.6,2.75,0.6,0.0,0.0,0.0,0.0,0.0,0.0,0.0,0.0,0.0,0.0,0.0,0.0,0.0,0.0,0.0,0.0,0.0,28.45,30.7,41.35
week,Teacher,All,08/12/19,29.22,1.92,1.25,0.27,0.0,0.0,0.0,0.0,0.0,0.0,0.0,0.0,0.0,0.0,0.0,0.0,0.0,0.0,0.0,0.0,0.0,32.65,33.2,37.87
week,Teacher,All,08/05/19,13.4,15.32,6.02,1.4,0.0,0.0,0.0,0.0,0.0,0.0,0.0,0.0,0.0,0.0,0.0,0.0,0.0,0.0,0.0,0.0,0.0,36.13,38.95,67.68
week,Teacher,All,07/29/19,19.23,10.85,2.85,0.35,0.53,0.15,0.0,0.0,0.0,0.0,0.0,0.0,0.0,0.0,0.0,0.0,0.0,0.0,0.0,0.0,0.0,33.97,41.6,54.45
week,Teacher,All,07/22/19,14.35,1.45,0.0,0.0,0.0,0.0,0.0,0.0,0.0,0.0,0.0,0.0,0.0,0.0,0.0,0.0,0.0,0.0,0.0,0.0,0.0,15.8,24.87,17.25
week,Teacher,All,07/15/19,11.63,2.12,0.47,0.0,0.0,0.0,0.0,0.0,0.0,0.0,0.0,0.0,0.0,0.0,0.0,0.0,0.0,0.0,0.0,0.0,0.0,14.22,81.32,17.27
week,Teacher,All,07/08/19,16.38,11.77,5.72,3.15,0.0,0.0,0.0,0.0,0.0,0.0,0.0,0.0,0.0,0.0,0.0,0.0,0.0,0.0,0.0,0.0,0.0,37.02,41.2,69.67
week,Teacher,All,07/01/19,1.73,0.0,0.0,0.0,0.0,0.0,0.0,0.0,0.0,0.0,0.0,0.0,0.0,0.0,0.0,0.0,0.0,0.0,0.0,0.0,0.0,1.73,4.38,1.73
week,Teacher,All,06/24/19,13.95,0.0,0.0,0.0,0.0,0.0,0.0,0.0,0.0,0.0,0.0,0.0,0.0,0.0,0.0,0.0,0.0,0.0,0.0,0.0,0.0,13.95,14.68,13.95
week,Teacher,All,06/17/19,1.03,0.0,0.0,0.0,0.0,0.0,0.0,0.0,0.0,0.0,0.0,0.0,0.0,0.0,0.0,0.0,0.0,0.0,0.0,0.0,0.0,1.03,1.07,1.03
week,Teacher,All,06/10/19,1.68,0.0,0.0,0.0,0.0,0.0,0.0,0.0,0.0,0.0,0.0,0.0,0.0,0.0,0.0,0.0,0.0,0.0,0.0,0.0,0.0,1.68,4.22,1.68
week,Teacher,All,06/03/19,18.3,11.98,0.62,0.0,0.0,0.0,0.0,0.0,0.0,0.0,0.0,0.0,0.0,0.0,0.0,0.0,0.0,0.0,0.0,0.0,0.0,30.9,36.32,44.12
week,Teacher,All,05/27/19,8.43,0.0,0.0,0.0,0.0,0.0,0.0,0.0,0.0,0.0,0.0,0.0,0.0,0.0,0.0,0.0,0.0,0.0,0.0,0.0,0.0,8.43,28.95,8.43
week,Teacher,All,05/20/19,9.37,0.08,0.0,0.0,0.0,0.0,0.0,0.0,0.0,0.0,0.0,0.0,0.0,0.0,0.0,0.0,0.0,0.0,0.0,0.0,0.0,9.45,24.98,9.53
week,Teacher,All,05/13/19,20.12,0.1,0.0,0.0,0.0,0.0,0.0,0.0,0.0,0.0,0.0,0.0,0.0,0.0,0.0,0.0,0.0,0.0,0.0,0.0,0.0,20.22,35.22,20.32
week,Teacher,All,05/06/19,26.57,10.47,4.35,0.47,0.0,0.0,0.0,0.0,0.0,0.0,0.0,0.0,0.0,0.0,0.0,0.0,0.0,0.0,0.0,0.0,0.0,41.85,44.2,62.42
week,Teacher,All,04/29/19,19.92,5.17,0.22,0.33,0.7,0.0,0.0,0.0,0.0,0.0,0.0,0.0,0.0,0.0,0.0,0.0,0.0,0.0,0.0,0.0,0.0,26.33,34.7,35.73
week,Teacher,All,04/22/19,3.25,0.0,0.0,0.0,0.0,0.0,0.0,0.0,0.0,0.0,0.0,0.0,0.0,0.0,0.0,0.0,0.0,0.0,0.0,0.0,0.0,3.25,3.5,3.25
week,Teacher,All,04/15/19,3.4,0.23,0.0,0.0,0.0,0.0,0.0,0.0,0.0,0.0,0.0,0.0,0.0,0.0,0.0,0.0,0.0,0.0,0.0,0.0,0.0,3.63,11.9,3.87
week,Teacher,All,04/08/19,15.1,13.65,4.93,0.0,0.0,0.0,0.0,0.0,0.0,0.0,0.0,0.0,0.0,0.0,0.0,0.0,0.0,0.0,0.0,0.0,0.0,33.68,36.18,57.2
